generic_name,dosage_form,strength,category,indications,list_tier,source,metadata
Halothane,Inhalation,"4-6% and 1-1.5%, 30ml, 50ml, 200ml, 250ml",Inhalant anaesthetics,General anaesthesia for clinical and surgical procedures,Essential,"National Essential Veterinary Medicine List 2023 (Nepal, vsdrl.gov.np)",Inhalant anaesthetics General anaesthesia for clinical and surgical procedures
Isoflurane,Inhalation,"99.9% or 1ml/ml (100 ml, 250 ml)",Inhalant anaesthetics,General anaesthesia for clinical and surgical procedures,Essential,"National Essential Veterinary Medicine List 2023 (Nepal, vsdrl.gov.np)",Inhalant anaesthetics General anaesthesia for clinical and surgical procedures
Sevoflurane,Inhalation,3ml vial,Inhalant anaesthetics,General anaesthesia for clinical and surgical procedures,Essential,"National Essential Veterinary Medicine List 2023 (Nepal, vsdrl.gov.np)",Inhalant anaesthetics General anaesthesia for clinical and surgical procedures
Ketamine,Injection,"10mg/ml, and 50mg/ml: 2ml, 10ml, 20ml",Dissociative anaesthetic,"Anaesthesia, immobilization for clinical examination and surgical procedures",Essential,"National Essential Veterinary Medicine List 2023 (Nepal, vsdrl.gov.np)","Dissociative anaesthetic Anaesthesia, immobilization for clinical examination and surgical procedures"
Thiopental sodium,Injection,"500mg, 1gm",Barbiturate,General anaesthesia in major and minor surgical procedures,Essential,"National Essential Veterinary Medicine List 2023 (Nepal, vsdrl.gov.np)",Barbiturate General anaesthesia in major and minor surgical procedures
Propofol,Injection,"1% (10 mg/ml): 10ml, 20ml",Non Barbiturate,General anaesthesia in major and minor surgical procedures,Essential,"National Essential Veterinary Medicine List 2023 (Nepal, vsdrl.gov.np)",Non Barbiturate General anaesthesia in major and minor surgical procedures
Oxygen,Inhalation (Medical gas),,Oxygen,Medical and surgical conditions Requiring oxygen,Essential,"National Essential Veterinary Medicine List 2023 (Nepal, vsdrl.gov.np)",Oxygen Medical and surgical conditions Requiring oxygen
Bupivacaine,Injection,"0.25%, 0.5%, 1%, 20ml and 2ml",Local anaesthetic,"Infiltration anaesthesia, surface anaesthesia, nerve block, regional anaesthesia, epidural anaesthesia to facilitate clinical/surgical procedures",Essential,"National Essential Veterinary Medicine List 2023 (Nepal, vsdrl.gov.np)","Local anaesthetic Infiltration anaesthesia, surface anaesthesia, nerve block, regional anaesthesia, epidural anaesthesia to facilitate clinical/surgical procedures"
Lidocaine,Injection,"1%, 2%, 5% injection in vials",Local anaesthetic,"Infiltration anaesthesia, surface anaesthesia, nerve block, regional anaesthesia, epidural anaesthesia to facilitate clinical/surgical procedures",Essential,"National Essential Veterinary Medicine List 2023 (Nepal, vsdrl.gov.np)","Local anaesthetic Infiltration anaesthesia, surface anaesthesia, nerve block, regional anaesthesia, epidural anaesthesia to facilitate clinical/surgical procedures"
Lidocaine,Topical,2% (w/w),Local anaesthetic,"Infiltration anaesthesia, surface anaesthesia, nerve block, regional anaesthesia, epidural anaesthesia to facilitate clinical/surgical procedures",Essential,"National Essential Veterinary Medicine List 2023 (Nepal, vsdrl.gov.np)","Local anaesthetic Infiltration anaesthesia, surface anaesthesia, nerve block, regional anaesthesia, epidural anaesthesia to facilitate clinical/surgical procedures"
Lidocaine + Epinephrine,Injection,2% (as hydrochloride or sulfate) + epinephrine 1:200000 in vial,Local anaesthetic,"Infiltration anaesthesia, surface anaesthesia, nerve block, regional anaesthesia, epidural anaesthesia",Essential,"National Essential Veterinary Medicine List 2023 (Nepal, vsdrl.gov.np)","Local anaesthetic Infiltration anaesthesia, surface anaesthesia, nerve block, regional anaesthesia, epidural anaesthesia"
Xylazine hydrochloride,Injection,"2%: 2ml, 10ml, 30ml, 50ml",Sedative/Pre-anaesthetic,"Induce sedation, analgesia, muscle relaxation, and immobilization of excited animals",Essential,"National Essential Veterinary Medicine List 2023 (Nepal, vsdrl.gov.np)","Sedative/Pre-anaesthetic Induce sedation, analgesia, muscle relaxation, and immobilization of excited animals"
Atropine sulphate,Injection,"1mg/ml: 1 ml ampoule, 10 ml, 30 ml, 100ml",Sedative/Pre-anaesthetic,Pre-anaesthetic,Essential,"National Essential Veterinary Medicine List 2023 (Nepal, vsdrl.gov.np)",Sedative/Pre-anaesthetic Pre-anaesthetic
Yohimbine hydrochloride,Injection,10mg/ml: 10 ml,Antidotes of sedatives,Complete reversal of anaesthetics effects of Xylazine HCL,Essential,"National Essential Veterinary Medicine List 2023 (Nepal, vsdrl.gov.np)",Antidotes of sedatives Complete reversal of anaesthetics effects of Xylazine HCL
Atipamezole hydrochloride,Injection,5 mg/ml: 10 ml,Antidotes of sedatives,"Immobilization of non-domestic and wild species like Rhino, elephant",Emergency,"National Essential Veterinary Medicine List 2023 (Nepal, vsdrl.gov.np)","Antidotes of sedatives Immobilization of non-domestic and wild species like Rhino, elephant"
Lorazepam,Tablet/Injection,"0.5 mg,1mg, 2mg, Inj: 2mg/ml in 1 ml and 2 ml",Sedatives and Tranquilizers,Anxiety and fear related disorders,Emergency,"National Essential Veterinary Medicine List 2023 (Nepal, vsdrl.gov.np)",Sedatives and Tranquilizers Anxiety and fear related disorders
Alprazolam,Tablet,"0.25mg, 0.5mg, 1mg",Sedatives and Tranquilizers,Anxiety and fear related disorders,Essential,"National Essential Veterinary Medicine List 2023 (Nepal, vsdrl.gov.np)",Sedatives and Tranquilizers Anxiety and fear related disorders
Chlorpromazine,"Tablet, Injection","Tablet:10mg, 25mg, 50mg, 100mg; Injection: 2.5%w/v(50mg/2ml) in 1 ml ampoule",Sedatives and Tranquilizers,"Preanaesthetic, immobilisation of animal",Essential,"National Essential Veterinary Medicine List 2023 (Nepal, vsdrl.gov.np)","Sedatives and Tranquilizers Preanaesthetic, immobilisation of animal"
Triflupromazine,"Tablet, Injection","Tablet: 5mg,10mg, Injection:20mg/ml in 5 ml vial",Sedatives and Tranquilizers,"Preanaesthetic, immobilisation of animal",Essential,"National Essential Veterinary Medicine List 2023 (Nepal, vsdrl.gov.np)","Sedatives and Tranquilizers Preanaesthetic, immobilisation of animal"
Dexamethasone,"Injection, Tablet","Injection(4 mg/ml): 5ml, 10ml,30 ml, Tablet: 0.5 mg, 1mg, 2mg, 4 mg",Steroidal and Non-steroidal antiinflammatory drugs (NSAIDs),"Anti-Inflammatory, arthritis, shock, tissue damage, toxaemia etc",Essential,"National Essential Veterinary Medicine List 2023 (Nepal, vsdrl.gov.np)","Steroidal and Non-steroidal antiinflammatory drugs (NSAIDs) Anti-Inflammatory, arthritis, shock, tissue damage, toxaemia etc"
Prednisolone,"Injection, Tablet","1% solution: 10 ml vial, Tablet: 5 mg, 10 mg, 20 mg, 40 mg",Steroidal and Non-steroidal antiinflammatory drugs (NSAIDs),Anti-Inflammatory,Essential,"National Essential Veterinary Medicine List 2023 (Nepal, vsdrl.gov.np)",Steroidal and Non-steroidal antiinflammatory drugs (NSAIDs) Anti-Inflammatory
Betamethasone,Injection,"4mg/ml: 5ml, 10ml",Steroidal and Non-steroidal antiinflammatory drugs (NSAIDs),"Anti-Inflammatory, arthritis, shock, tissue damage, toxaemia etc",Essential,"National Essential Veterinary Medicine List 2023 (Nepal, vsdrl.gov.np)","Steroidal and Non-steroidal antiinflammatory drugs (NSAIDs) Anti-Inflammatory, arthritis, shock, tissue damage, toxaemia etc"
Meloxicam,"Tablet, Injection, Suspension","Tablet:100mg, Injection: 5mg/ml in 2ml,10ml, 30ml Oral Suspension: 1.5 mg/ml in 10 ml pack",Steroidal and Non-steroidal antiinflammatory drugs (NSAIDs),Pyrexia of Unknown origin (PUO),Essential,"National Essential Veterinary Medicine List 2023 (Nepal, vsdrl.gov.np)",Steroidal and Non-steroidal antiinflammatory drugs (NSAIDs) Pyrexia of Unknown origin (PUO)
Tolfenamic acid,Injection,40 mg/ml in 30ml vial,Steroidal and Non-steroidal antiinflammatory drugs (NSAIDs),Pyrexia of unknown origin,Essential,"National Essential Veterinary Medicine List 2023 (Nepal, vsdrl.gov.np)",Steroidal and Non-steroidal antiinflammatory drugs (NSAIDs) Pyrexia of unknown origin
Paracetamol,"Injectable, tablet, bolus","Injection(1mg/ml): 10ml,30ml, Tablet: 150mg, 1.5g",Steroidal and Non-steroidal antiinflammatory drugs (NSAIDs),Pyrexia of Unknown origin,Essential,"National Essential Veterinary Medicine List 2023 (Nepal, vsdrl.gov.np)",Steroidal and Non-steroidal antiinflammatory drugs (NSAIDs) Pyrexia of Unknown origin
Triamcinolone acetonide,"Tablet, Injectable","Tablet: 4mg, Injection (40mg/ml):1ml,10ml",Steroidal and Non-steroidal antiinflammatory drugs (NSAIDs),"Arthritis, tendosynovitis, myositis etc",Essential,"National Essential Veterinary Medicine List 2023 (Nepal, vsdrl.gov.np)","Steroidal and Non-steroidal antiinflammatory drugs (NSAIDs) Arthritis, tendosynovitis, myositis etc"
Flunixin meglumine,Injectable,"50mg/ml, 10 ml, 30 ml, 100 ml",Steroidal and Non-steroidal antiinflammatory drugs (NSAIDs),"PUO, Analgesia",Essential,"National Essential Veterinary Medicine List 2023 (Nepal, vsdrl.gov.np)","Steroidal and Non-steroidal antiinflammatory drugs (NSAIDs) PUO, Analgesia"
Tramadol,"Tablet, Injection","Tablet:50mg, Injection (50mg/ml) : 10 ml",Steroidal and Non-steroidal antiinflammatory drugs (NSAIDs),"Pain, perioperative analgesia",Essential,"National Essential Veterinary Medicine List 2023 (Nepal, vsdrl.gov.np)","Steroidal and Non-steroidal antiinflammatory drugs (NSAIDs) Pain, perioperative analgesia"
Acetyl salicylic acid,"Tablet, Bolus","100mg, 150mg, 15gm",Steroidal and Non-steroidal antiinflammatory drugs (NSAIDs),"Inflammation, pain and pyrexia, platelets disaggregation",Essential,"National Essential Veterinary Medicine List 2023 (Nepal, vsdrl.gov.np)","Steroidal and Non-steroidal antiinflammatory drugs (NSAIDs) Inflammation, pain and pyrexia, platelets disaggregation"
Fentanyl,Injection,"50mcg/ml - 2 ml, 10 ml vial",Steroidal and Non-steroidal antiinflammatory drugs (NSAIDs),Pain,Essential,"National Essential Veterinary Medicine List 2023 (Nepal, vsdrl.gov.np)",Steroidal and Non-steroidal antiinflammatory drugs (NSAIDs) Pain
Morphine,"Tablet, Injection,Liquid","Tablet: 10mg,30mg,60mg, Injection (10mg/ml) in 1 ampoule,2 mg/ml in 1 ml vial",Steroidal and Non-steroidal antiinflammatory drugs (NSAIDs),Pain,Emergency,"National Essential Veterinary Medicine List 2023 (Nepal, vsdrl.gov.np)",Steroidal and Non-steroidal antiinflammatory drugs (NSAIDs) Pain
Pethidine,Injection,50mg/ml -1 ml,Steroidal and Non-steroidal antiinflammatory drugs (NSAIDs),Pain,Essential,"National Essential Veterinary Medicine List 2023 (Nepal, vsdrl.gov.np)",Steroidal and Non-steroidal antiinflammatory drugs (NSAIDs) Pain
Aminophylline,"Tablet, injection","Tablet: 100mg,Injection (25mg/ml): 10 ml, 20 ml",Expectorants and Bronchodialators,Bronchial asthma,Essential,"National Essential Veterinary Medicine List 2023 (Nepal, vsdrl.gov.np)",Expectorants and Bronchodialators Bronchial asthma
Bromhexine,"Tablet, Oral suspension","Tablet: 8mg, Suspension: 4mg/ml",Expectorants and Bronchodialators,"Expectorant, mucolytic",Essential,"National Essential Veterinary Medicine List 2023 (Nepal, vsdrl.gov.np)","Expectorants and Bronchodialators Expectorant, mucolytic"
Salbutamol,"Tablet, syrup","2mg,4mg, 2mg/5ml",Expectorants and Bronchodialators,Brochospasm,Essential,"National Essential Veterinary Medicine List 2023 (Nepal, vsdrl.gov.np)",Expectorants and Bronchodialators Brochospasm
Theophylline,"Tablet, Capsule, Syrup, Injection","Tablets: 100mg,300mg, Syrup: 80mg/5ml,Injection: 50.6mg/2ml",Expectorants and Bronchodialators,Bronchial asthma,Emergency,"National Essential Veterinary Medicine List 2023 (Nepal, vsdrl.gov.np)",Expectorants and Bronchodialators Bronchial asthma
Chlorpheniramine maleate,Injection (10mg/ml),"30ml,50ml,100ml",Antihistamines for anaphylaxis,"Eczema, urticaria, photo dermatitis,rhinitis, other allergic disorders",Essential,"National Essential Veterinary Medicine List 2023 (Nepal, vsdrl.gov.np)","Antihistamines for anaphylaxis Eczema, urticaria, photo dermatitis,rhinitis, other allergic disorders"
Cetirizine,Tablet,10mg,Antihistamines for anaphylaxis,allergic disorders,Essential,"National Essential Veterinary Medicine List 2023 (Nepal, vsdrl.gov.np)",Antihistamines for anaphylaxis allergic disorders
Pheniramine maleate,Injection (22.75mg/ml),"10ml,30ml,100ml",Antihistamines for anaphylaxis,"Eczema, urticaria, photo dermatitis,rhinitis, other allergic disorders",Essential,"National Essential Veterinary Medicine List 2023 (Nepal, vsdrl.gov.np)","Antihistamines for anaphylaxis Eczema, urticaria, photo dermatitis,rhinitis, other allergic disorders"
Atropine sulphate,Injection,"1mg/ml: 10 ml,30ml,100ml",Antidotes,Organophosphate poisoning,Essential,"National Essential Veterinary Medicine List 2023 (Nepal, vsdrl.gov.np)",Antidotes Organophosphate poisoning
Pralidoxime,Injection,"500mg, 1gm",Antidotes,Organophosphate poisoning,Essential,"National Essential Veterinary Medicine List 2023 (Nepal, vsdrl.gov.np)",Antidotes Organophosphate poisoning
Activated charcoal,"Powder, Liquid",50 gm 100 gm,Antidotes,Non-specific antidote,Essential,"National Essential Veterinary Medicine List 2023 (Nepal, vsdrl.gov.np)",Antidotes Non-specific antidote
Dimercaprol,Injection,100mg/2ml,Antidotes,Heavy metal poisoning,Essential,"National Essential Veterinary Medicine List 2023 (Nepal, vsdrl.gov.np)",Antidotes Heavy metal poisoning
Naloxone,Injection,"400mcg/ml: 1 ml,10 ml",Antidotes,Opioid poisoning,Emergency,"National Essential Veterinary Medicine List 2023 (Nepal, vsdrl.gov.np)",Antidotes Opioid poisoning
Penicillamine,Tablet,250mg,Antidotes,Heavy metal poisoning,Emergency,"National Essential Veterinary Medicine List 2023 (Nepal, vsdrl.gov.np)",Antidotes Heavy metal poisoning
Deferoxamine,Injection,500mg,Antidotes,Iron Poisoning,Emergency,"National Essential Veterinary Medicine List 2023 (Nepal, vsdrl.gov.np)",Antidotes Iron Poisoning
Sodium thiosulphate,Solution,250 mg/ml- 50 ml,Antidotes,Cyanide Poisoning,Essential,"National Essential Veterinary Medicine List 2023 (Nepal, vsdrl.gov.np)",Antidotes Cyanide Poisoning
Sodium nitrite,Injection,30mg/ml in 10 ml ampoule,Antidotes,Cyanide Poisoning,Essential,"National Essential Veterinary Medicine List 2023 (Nepal, vsdrl.gov.np)",Antidotes Cyanide Poisoning
Vitamin K1 (Phytomenadione),"Tablet, Injection","Tab,5mg; Injection: 10mg/ml in 1 ml Ampoule",Antidotes,Warfarin toxicity,Emergency,"National Essential Veterinary Medicine List 2023 (Nepal, vsdrl.gov.np)",Antidotes Warfarin toxicity
Methylene blue,Injection,1% w/v(10mg/ml)in 10 ml ampoule,Antidotes,Nitrate/nitrite poisoning,Essential,"National Essential Veterinary Medicine List 2023 (Nepal, vsdrl.gov.np)",Antidotes Nitrate/nitrite poisoning
Calcium EDTA (Sodium calcium edetate),Injection,200mg/ml in 5ml ampoule,Antidotes,Lead poisoning,Essential,"National Essential Veterinary Medicine List 2023 (Nepal, vsdrl.gov.np)",Antidotes Lead poisoning
Atipamezole,Injection,5mg/ml in 10 ml,Antidotes,Reverse the effect of Ketamine,Emergency,"National Essential Veterinary Medicine List 2023 (Nepal, vsdrl.gov.np)",Antidotes Reverse the effect of Ketamine
Diazepam,"Tablet, Syrup, Injection","Tablet: 5mg, 10mg, Injection: 5mg/ml - 2ml, 10 ml",Anticonvulsant/Antiepileptics,"Status epilepticus, convulsions due to poisoning",Essential,"National Essential Veterinary Medicine List 2023 (Nepal, vsdrl.gov.np)","Anticonvulsant/Antiepileptics Status epilepticus, convulsions due to poisoning"
Carbamazepine,"Tablet,syrup","200mg,400mg, 100mg/5ml",Anticonvulsant/Antiepileptics,Limbic or partial seizures,Emergency,"National Essential Veterinary Medicine List 2023 (Nepal, vsdrl.gov.np)",Anticonvulsant/Antiepileptics Limbic or partial seizures
Clonazepam,Tablet,"0.5mg, 2mg",Anticonvulsant/Antiepileptics,Epilepsy,Essential,"National Essential Veterinary Medicine List 2023 (Nepal, vsdrl.gov.np)",Anticonvulsant/Antiepileptics Epilepsy
Phenobarbitone,"Tablet, Injection","15 mg,30mg,60mg, Injection: 200mg/ml",Anticonvulsant/Antiepileptics,Convulsive seizures,Essential,"National Essential Veterinary Medicine List 2023 (Nepal, vsdrl.gov.np)",Anticonvulsant/Antiepileptics Convulsive seizures
Primidone,Tablet,250mg,Anticonvulsant/Antiepileptics,Epilepsy,Emergency,"National Essential Veterinary Medicine List 2023 (Nepal, vsdrl.gov.np)",Anticonvulsant/Antiepileptics Epilepsy
Valproic acid,"Tablet,syrup","200mg, 200mg/5ml",Anticonvulsant/Antiepileptics,Status Epilepticus,Emergency,"National Essential Veterinary Medicine List 2023 (Nepal, vsdrl.gov.np)",Anticonvulsant/Antiepileptics Status Epilepticus
Domperidone,"Tablet,suspension","5mg,10mg, 1mg/ml",Antiemetics,Vomition,Essential,"National Essential Veterinary Medicine List 2023 (Nepal, vsdrl.gov.np)",Antiemetics Vomition
Metoclopramide,"Tablet,Injection,Liquid","Tablet: 10mg, Injection:5mg/ml in 2 ml",Antiemetics,Vomition,Essential,"National Essential Veterinary Medicine List 2023 (Nepal, vsdrl.gov.np)",Antiemetics Vomition
Ondansetron,"Injection, Tablet,Syrup","2mg in 2 ml, 4 ml, Tablet: 2mg, 4 mg, 8mg Syrup: 10 mg/5ml",Antiemetics,Vomition,Essential,"National Essential Veterinary Medicine List 2023 (Nepal, vsdrl.gov.np)",Antiemetics Vomition
Promethazine,"Tablet,Injection,Syrup","25mg, 10mg, 25mg/ml in 2ml ampoule, Oral liquid: 5mg/5ml",Antiemetics,Vomition,Essential,"National Essential Veterinary Medicine List 2023 (Nepal, vsdrl.gov.np)",Antiemetics Vomition
Triflupromazine,"Tablet,Injection","5mg, 10mg, 20mg/ml",Antiemetics,Vomition,Essential,"National Essential Veterinary Medicine List 2023 (Nepal, vsdrl.gov.np)",Antiemetics Vomition
Hyoscine butylbromide,"Tablet, Injection,Suspension","Tablet: 10mg, 20mg Injection: 20mg/ml in 1ml ampoule",Antispasmodic,Spasmodic pain,Essential,"National Essential Veterinary Medicine List 2023 (Nepal, vsdrl.gov.np)",Antispasmodic Spasmodic pain
Dicyclomine,Injection,"10mg/ml, 30ml",Antispasmodic,"Colic pain, spasmodic pain",Emergency,"National Essential Veterinary Medicine List 2023 (Nepal, vsdrl.gov.np)","Antispasmodic Colic pain, spasmodic pain"
Vincristine,Powder for Injection,1mg in vial,Antineoplastic,"Transmissible venereal tumour, lymphosarcoma, immune thrombocytopenia",Essential,"National Essential Veterinary Medicine List 2023 (Nepal, vsdrl.gov.np)","Antineoplastic Transmissible venereal tumour, lymphosarcoma, immune thrombocytopenia"
Vinblastine,Powder for Injection,10 mg in vial,Antineoplastic,Lymphoproliferative disorders and mast cell tumours,Essential,"National Essential Veterinary Medicine List 2023 (Nepal, vsdrl.gov.np)",Antineoplastic Lymphoproliferative disorders and mast cell tumours
Cisplatin,Injection,"10mg, 20mg in vial",Antineoplastic,Lymphoproliferative disorders and mast cell tumours,Emergency,"National Essential Veterinary Medicine List 2023 (Nepal, vsdrl.gov.np)",Antineoplastic Lymphoproliferative disorders and mast cell tumours
Atenolol,Tablet,"25mg, 50mg, 75mg, 100mg",Antiarrhythmic/Antihypertensive/Vasodilator drugs,"Atrial and ventricular arrhythmia, hypertension",Emergency,"National Essential Veterinary Medicine List 2023 (Nepal, vsdrl.gov.np)","Antiarrhythmic/Antihypertensive/Vasodilator drugs Atrial and ventricular arrhythmia, hypertension"
Metoprolol,"Tablet, Injection","25mg, 50mg, 100mg, 1mg/ml in 5ml",Antiarrhythmic/Antihypertensive/Vasodilator drugs,"Atrial and ventricular arrhythmia, hypertension",Emergency,"National Essential Veterinary Medicine List 2023 (Nepal, vsdrl.gov.np)","Antiarrhythmic/Antihypertensive/Vasodilator drugs Atrial and ventricular arrhythmia, hypertension"
Propranolol,Tablet,"10mg, 40mg, 80mg",Antiarrhythmic/Antihypertensive/Vasodilator drugs,arrhythmia,Essential,"National Essential Veterinary Medicine List 2023 (Nepal, vsdrl.gov.np)",Antiarrhythmic/Antihypertensive/Vasodilator drugs arrhythmia
Enalapril,Tablet,"2.5mg,5mg,10mg,20mg",Antiarrhythmic/Antihypertensive/Vasodilator drugs,Hypertension,Essential,"National Essential Veterinary Medicine List 2023 (Nepal, vsdrl.gov.np)",Antiarrhythmic/Antihypertensive/Vasodilator drugs Hypertension
Amlodipine + Ramipril,Tablet,"1.25mg,2.5mg,5mg,10mg",Antiarrhythmic/Antihypertensive/Vasodilator drugs,"CHF, Hypertension",Emergency,"National Essential Veterinary Medicine List 2023 (Nepal, vsdrl.gov.np)","Antiarrhythmic/Antihypertensive/Vasodilator drugs CHF, Hypertension"
Amlodipine,Tablet,"2.5mg, 5mg, 10mg",Antiarrhythmic/Antihypertensive/Vasodilator drugs,Hypertension,Emergency,"National Essential Veterinary Medicine List 2023 (Nepal, vsdrl.gov.np)",Antiarrhythmic/Antihypertensive/Vasodilator drugs Hypertension
Digoxin,"Tablet, Injection","0.25mg, 0.5mg/2ml",Cardiotonic glycoside,"Atrial tachycardia, CHF",Essential,"National Essential Veterinary Medicine List 2023 (Nepal, vsdrl.gov.np)","Cardiotonic glycoside Atrial tachycardia, CHF"
Tranexamic acid,"Tablet, injection","Tablet: 500mg,Injection: 500mg/5ml",Haemostatics,"Antifibrinolytic, Aids in coagulation",Essential,"National Essential Veterinary Medicine List 2023 (Nepal, vsdrl.gov.np)","Haemostatics Antifibrinolytic, Aids in coagulation"
Adrenaline,Liquid,"1mg/ml, 30 ml",Haemostatics,Topical application,Essential,"National Essential Veterinary Medicine List 2023 (Nepal, vsdrl.gov.np)",Haemostatics Topical application
Adrenochrome monosemi carbazone,Injection,750mcg/ml in 2ml Ampoule,Haemostatics,Haemorrhages of various origin,Essential,"National Essential Veterinary Medicine List 2023 (Nepal, vsdrl.gov.np)",Haemostatics Haemorrhages of various origin
Ethamsylate,Injection,"125 mg/ml, 250mg/ml",Haemostatics,Haemorrhages of various origin,Essential,"National Essential Veterinary Medicine List 2023 (Nepal, vsdrl.gov.np)",Haemostatics Haemorrhages of various origin
Heparin,Injection,"1000IU/ml, 5000IU/ml, 20000IU/ml in 1 ml ampoule",Systemic anticoagulants,Systemic anticoagulation,Essential,"National Essential Veterinary Medicine List 2023 (Nepal, vsdrl.gov.np)",Systemic anticoagulants Systemic anticoagulation
Warfarin,Tablet,"1mg, 2mg, 5mg",Systemic anticoagulants,Systemic anticoagulation,Essential,"National Essential Veterinary Medicine List 2023 (Nepal, vsdrl.gov.np)",Systemic anticoagulants Systemic anticoagulation
Enoxaparin,Injection,"20mg/0.2ml, 40mg/0.4ml, 80mg/0.8ml",Systemic anticoagulants,Systemic anticoagulation,Emergency,"National Essential Veterinary Medicine List 2023 (Nepal, vsdrl.gov.np)",Systemic anticoagulants Systemic anticoagulation
Iron dextran,Injection,50mg/ml in 2ml ampoule,Hematinics,Iron deficiency anemia,Essential,"National Essential Veterinary Medicine List 2023 (Nepal, vsdrl.gov.np)",Hematinics Iron deficiency anemia
Atracurium,Injection,10mg/ml,Muscle relaxants,Recover neuromuscular blockade following anaesthesia,Essential,"National Essential Veterinary Medicine List 2023 (Nepal, vsdrl.gov.np)",Muscle relaxants Recover neuromuscular blockade following anaesthesia
Neostigmine,"Tablet, injection","15mg, 0.5mg/ml",Muscle relaxants,"Myaesthenia gravis, urinary retention",Emergency,"National Essential Veterinary Medicine List 2023 (Nepal, vsdrl.gov.np)","Muscle relaxants Myaesthenia gravis, urinary retention"
Suxamethonium (succinyl choline),Injection,"2%, 10%",Muscle relaxants,Muscle relaxation,Essential,"National Essential Veterinary Medicine List 2023 (Nepal, vsdrl.gov.np)",Muscle relaxants Muscle relaxation
Vecuronium,Powder for Injection,"4 mg, 10 mg",Muscle relaxants,Muscle relaxation,Emergency,"National Essential Veterinary Medicine List 2023 (Nepal, vsdrl.gov.np)",Muscle relaxants Muscle relaxation
Cloprostenol (PGF2alpha),Injection,2ml,Hormones and endocrine preparations,"Anestrus, subestrus, luteal cyst",Essential,"National Essential Veterinary Medicine List 2023 (Nepal, vsdrl.gov.np)","Hormones and endocrine preparations Anestrus, subestrus, luteal cyst"
Dinoprost (PGF2alpha),Injection,"1ml, 5ml",Hormones and endocrine preparations,"Anestrus, subestrus, luteal cyst",Emergency,"National Essential Veterinary Medicine List 2023 (Nepal, vsdrl.gov.np)","Hormones and endocrine preparations Anestrus, subestrus, luteal cyst"
Hydroxy progesterone caproate,Injection,250mg/ml,Hormones and endocrine preparations,"Delayed ovulation, postpartum anestrus",Essential,"National Essential Veterinary Medicine List 2023 (Nepal, vsdrl.gov.np)","Hormones and endocrine preparations Delayed ovulation, postpartum anestrus"
Gonadotropin releasing hormone,Injection,"1ml, 2.5ml, 5ml, 10 ml",Hormones and endocrine preparations,"Follicular cyst, anovulation, delayed ovulation",Essential,"National Essential Veterinary Medicine List 2023 (Nepal, vsdrl.gov.np)","Hormones and endocrine preparations Follicular cyst, anovulation, delayed ovulation"
Estradiol,"Tablet, Injection","1mg, 10mg/ml",Hormones and endocrine preparations,"Induce estrus, parturition",Essential,"National Essential Veterinary Medicine List 2023 (Nepal, vsdrl.gov.np)","Hormones and endocrine preparations Induce estrus, parturition"
Oxytocin,Injection,"5IU/0.5ml, 5IU/ml",Hormones and endocrine preparations,"Induction of parturition, Milk let down",Emergency,"National Essential Veterinary Medicine List 2023 (Nepal, vsdrl.gov.np)","Hormones and endocrine preparations Induction of parturition, Milk let down"
Levothyroxine,Tablet,"12.5mcg, 25mcg, 50mcg",Hormones and endocrine preparations,Hypothyroidism,Essential,"National Essential Veterinary Medicine List 2023 (Nepal, vsdrl.gov.np)",Hormones and endocrine preparations Hypothyroidism
Insulin lantus,Injection,100 unit/ml,Hormones and endocrine preparations,Hyperglycemia,Essential,"National Essential Veterinary Medicine List 2023 (Nepal, vsdrl.gov.np)",Hormones and endocrine preparations Hyperglycemia
Testosterone,Injection,"100mg/ml, 250mg/ml",Hormones and endocrine preparations,Hypotestosterone,Essential,"National Essential Veterinary Medicine List 2023 (Nepal, vsdrl.gov.np)",Hormones and endocrine preparations Hypotestosterone
Aminoacid infusion,Injection,"Concentration (10%, 5%, 7% or 8%), 300ml, 500ml",Infusion fluids and electrolytes,"Hypoproteinemia, cachexia",Essential,"National Essential Veterinary Medicine List 2023 (Nepal, vsdrl.gov.np)","Infusion fluids and electrolytes Hypoproteinemia, cachexia"
Calcium boro-gluconate,Injection,25%w/v in 450ml,Infusion fluids and electrolytes,"Hypocalcemia, milk fever",Essential,"National Essential Veterinary Medicine List 2023 (Nepal, vsdrl.gov.np)","Infusion fluids and electrolytes Hypocalcemia, milk fever"
Calcium and magnesium boro-gluconate,Injection,450ml,Infusion fluids and electrolytes,"Milk fever complicated with hypomagnesemia, hypoglycemia",Essential,"National Essential Veterinary Medicine List 2023 (Nepal, vsdrl.gov.np)","Infusion fluids and electrolytes Milk fever complicated with hypomagnesemia, hypoglycemia"
Dextrose/Glucose,Injection,"5%, 10%, 25%",Infusion fluids and electrolytes,"Bovine ketosis, hypoglycemia",Essential,"National Essential Veterinary Medicine List 2023 (Nepal, vsdrl.gov.np)","Infusion fluids and electrolytes Bovine ketosis, hypoglycemia"
Dextrose Sodium Chloride,Injection,"Dextrose+ Sodium chloride (2.5%+0.45%, 5%+0.9%, 10%+0.9%)",Infusion fluids and electrolytes,Hypoglycemia with dehydration,Essential,"National Essential Veterinary Medicine List 2023 (Nepal, vsdrl.gov.np)",Infusion fluids and electrolytes Hypoglycemia with dehydration
Normal Saline,Injection,"0.9% Sodium Chloride 500ml, 1000ml",Infusion fluids and electrolytes,Dehydration,Essential,"National Essential Veterinary Medicine List 2023 (Nepal, vsdrl.gov.np)",Infusion fluids and electrolytes Dehydration
Electrolyte infusions (Ringer lactate),Injection,"500ml, 1000ml",Infusion fluids and electrolytes,Dehydration,Essential,"National Essential Veterinary Medicine List 2023 (Nepal, vsdrl.gov.np)",Infusion fluids and electrolytes Dehydration
Mannitol,Injection,"5%, 10%",Infusion fluids and electrolytes,Reduce intracranial pressure,Emergency,"National Essential Veterinary Medicine List 2023 (Nepal, vsdrl.gov.np)",Infusion fluids and electrolytes Reduce intracranial pressure
Hydroxyethyl Starch,Injection,"6% hydroxyethyl starch in isotonic sodium chloride 500ml, 1000ml",Infusion fluids and electrolytes,Hypovolemia,Essential,"National Essential Veterinary Medicine List 2023 (Nepal, vsdrl.gov.np)",Infusion fluids and electrolytes Hypovolemia
Plasma protein fraction,Injection,"250ml, 500ml",Infusion fluids and electrolytes,Hypovolemic shock,Emergency,"National Essential Veterinary Medicine List 2023 (Nepal, vsdrl.gov.np)",Infusion fluids and electrolytes Hypovolemic shock
Dextran,Injection,70.6% in 0.9% NaCl,Infusion fluids and electrolytes,Hypovolemia,Essential,"National Essential Veterinary Medicine List 2023 (Nepal, vsdrl.gov.np)",Infusion fluids and electrolytes Hypovolemia
Water for Injection,Injection,"5ml, 10ml ampoule",Miscellaneous,,Essential,"National Essential Veterinary Medicine List 2023 (Nepal, vsdrl.gov.np)",Miscellaneous 
Ranitidine,"Tablet, Injection","Tablet: 150mg, 300mg, Injection: 25mg/ml","Antacids, Antiulcer and PPI",GERD and Duodenal Ulcer,Essential,"National Essential Veterinary Medicine List 2023 (Nepal, vsdrl.gov.np)","Antacids, Antiulcer and PPI GERD and Duodenal Ulcer"
Omeprazole,"Tablet, Injection","10mg, 20mg, Powder for Injection: 40mg/vial","Antacids, Antiulcer and PPI",GERD and Duodenal Ulcer,Essential,"National Essential Veterinary Medicine List 2023 (Nepal, vsdrl.gov.np)","Antacids, Antiulcer and PPI GERD and Duodenal Ulcer"
Pantoprazole + Famotidine,"Tablet, Injection","20mg, 40mg, 40mg in 10ml vial","Antacids, Antiulcer and PPI",GERD and Duodenal Ulcer,Essential,"National Essential Veterinary Medicine List 2023 (Nepal, vsdrl.gov.np)","Antacids, Antiulcer and PPI GERD and Duodenal Ulcer"
Rabeprazole,Tablet,20 mg,"Antacids, Antiulcer and PPI",GERD and Duodenal Ulcer,Emergency,"National Essential Veterinary Medicine List 2023 (Nepal, vsdrl.gov.np)","Antacids, Antiulcer and PPI GERD and Duodenal Ulcer"
Simethicone,Suspension,(1%w/v): 100ml,Antizymotics,"Bloat, Tympany",Emergency,"National Essential Veterinary Medicine List 2023 (Nepal, vsdrl.gov.np)","Antizymotics Bloat, Tympany"
Halquinol,"Bolus, Powder","1.5gm, 60gm/kg",Antidiarrhoeals,"Enteritis, calf scour, coccidiosis",Essential,"National Essential Veterinary Medicine List 2023 (Nepal, vsdrl.gov.np)","Antidiarrhoeals Enteritis, calf scour, coccidiosis"
Loperamide,Tablet,2mg,Antidiarrhoeals,Acute and chronic non-specific diarrhoea,Essential,"National Essential Veterinary Medicine List 2023 (Nepal, vsdrl.gov.np)",Antidiarrhoeals Acute and chronic non-specific diarrhoea
Crude liver extract and Vitamin B complex,Injection,"Contains: Thiamine hydrochloride, Riboflavin, Niacinamide,Vitamin B12; Liver Injection Crude (having Vit. B12 activity equivalent to 2mcg of cyanocobalamin per ml); Pacakge: 10 ml, 30 ml, 100 ml",Hepatobiliary drugs,"Aflatoxicosis, reduced feed intake, deficiency conditons, stress",Essential,"National Essential Veterinary Medicine List 2023 (Nepal, vsdrl.gov.np)","Hepatobiliary drugs Aflatoxicosis, reduced feed intake, deficiency conditons, stress"
Sylmarine,Tablet,70 mg,Hepatobiliary drugs,"Aflatoxicosis, hepatitis, jaundice, fatty liver",Essential,"National Essential Veterinary Medicine List 2023 (Nepal, vsdrl.gov.np)","Hepatobiliary drugs Aflatoxicosis, hepatitis, jaundice, fatty liver"
Bisacodyl,Tablet,"5mg, 10mg",Laxatives and Purgatives,Acute and Chronic constipation,Essential,"National Essential Veterinary Medicine List 2023 (Nepal, vsdrl.gov.np)",Laxatives and Purgatives Acute and Chronic constipation
Lactulose,Liquid,"3.35 mg/5 ml: 100ml, 200ml, 450ml",Laxatives and Purgatives,Non-specific acute and chronic constipation,Essential,"National Essential Veterinary Medicine List 2023 (Nepal, vsdrl.gov.np)",Laxatives and Purgatives Non-specific acute and chronic constipation
Milk of magnesia and Paraffin,Liquid,11.25ml+3.75ml per 15ml,Laxatives and Purgatives,Non-specific acute and chronic constipation,Essential,"National Essential Veterinary Medicine List 2023 (Nepal, vsdrl.gov.np)",Laxatives and Purgatives Non-specific acute and chronic constipation
Magnesium sulfate,Powder,500g,Laxatives and Purgatives,"stress, loss of appetite, poor energy metabolism",Essential,"National Essential Veterinary Medicine List 2023 (Nepal, vsdrl.gov.np)","Laxatives and Purgatives stress, loss of appetite, poor energy metabolism"
Vitamin B complex,Injection,Contains: Nicotinamide; Pyridoxine Hydrochloride; Thiamine Disulphide Nitrate; Riboflavin-5-Phosphate Sodium; Hydroxycobalamine Acetate: 100 ml vials,Vitamins and minerals,Deficiency of vitamin,Essential,"National Essential Veterinary Medicine List 2023 (Nepal, vsdrl.gov.np)",Vitamins and minerals Deficiency of vitamin
Vitamin A D3 E,Injection,"Each ml has: Retinol: 2,50,000 IU, Cholecalciphenol: 25000 IU,Tocopherol acetate: 100mg (in 10 ml vial)",Vitamins and minerals,Deficiency of vitamin,Essential,"National Essential Veterinary Medicine List 2023 (Nepal, vsdrl.gov.np)",Vitamins and minerals Deficiency of vitamin
Isoniazid,Tablet,"50 mg, 100 mg, 300 mg",Antitubercular drugs,Tuberculosis,Emergency,"National Essential Veterinary Medicine List 2023 (Nepal, vsdrl.gov.np)",Antitubercular drugs Tuberculosis
Rifampicin,Tablet or capsule,"150 mg, 300 mg, 450 mg",Antitubercular drugs,Tuberculosis,Emergency,"National Essential Veterinary Medicine List 2023 (Nepal, vsdrl.gov.np)",Antitubercular drugs Tuberculosis
Pyrizinamide,Tablet,150mg,Antitubercular drugs,Tuberculosis,Emergency,"National Essential Veterinary Medicine List 2023 (Nepal, vsdrl.gov.np)",Antitubercular drugs Tuberculosis
Ethambutol,Tablet,"100mg,400mg,600mg",Antitubercular drugs,"Coccidiodomycosis, histoplasmosis, dermatomycosis",Essential,"National Essential Veterinary Medicine List 2023 (Nepal, vsdrl.gov.np)","Antitubercular drugs Coccidiodomycosis, histoplasmosis, dermatomycosis"
Ketoconazole,Tablet,200mg,Antifungal,"Blastomyces, Candida, Cryptococcus, Aspergillus infections",Emergency,"National Essential Veterinary Medicine List 2023 (Nepal, vsdrl.gov.np)","Antifungal Blastomyces, Candida, Cryptococcus, Aspergillus infections"
Itraconazole,Capsule,100mg,Antifungal,"Trichophyton, Microsporum infection",Emergency,"National Essential Veterinary Medicine List 2023 (Nepal, vsdrl.gov.np)","Antifungal Trichophyton, Microsporum infection"
Griseofulvin,Tablet,"250mg, 500mg",Antifungal,Dermatophytosis,Essential,"National Essential Veterinary Medicine List 2023 (Nepal, vsdrl.gov.np)",Antifungal Dermatophytosis
Clotrimazole,"Solution, cream","1%w/v, 30 ml",Antifungal,"Blastomyces, Candida, Cryptococcus, Aspergillus infections",Emergency,"National Essential Veterinary Medicine List 2023 (Nepal, vsdrl.gov.np)","Antifungal Blastomyces, Candida, Cryptococcus, Aspergillus infections"
Fluconazole,Tablet,"50mg, 100mg,150mg,200mg",Antifungal,Fungal infection,Emergency,"National Essential Veterinary Medicine List 2023 (Nepal, vsdrl.gov.np)",Antifungal Fungal infection
Nystatin,Oral Liquid,50 mg/ 5ml,Antifungal,Fungal infection,Essential,"National Essential Veterinary Medicine List 2023 (Nepal, vsdrl.gov.np)",Antifungal Fungal infection
Miconazole,Liquid/lotion,1%,Antifungal,Fungal infection,Essential,"National Essential Veterinary Medicine List 2023 (Nepal, vsdrl.gov.np)",Antifungal Fungal infection
Benzoic acid and Salicylic acid,Cream,6%+3% (wt/wt),Antifungal,Fungal infection,Essential,"National Essential Veterinary Medicine List 2023 (Nepal, vsdrl.gov.np)",Antifungal Fungal infection
Albendazole,"Tablet, Bolus,Powder","150mg, 200mg, 600mg,1500mg,3000mg,2.5%w/v, 5%w/w",Anthelmintics,Nematodal and cestodal infestation,Essential,"National Essential Veterinary Medicine List 2023 (Nepal, vsdrl.gov.np)",Anthelmintics Nematodal and cestodal infestation
Fenbendazole,"Tablet, bolus,suspension, powder","150mg, 1500mg, 3000mg, 10% w/v, 25% w/w",Anthelmintics,Nematodal infestation,Emergency,"National Essential Veterinary Medicine List 2023 (Nepal, vsdrl.gov.np)",Anthelmintics Nematodal infestation
Mebendazole,Tablet,100 mg/Tablet,Anthelmintics,Nematodal infestation and immunomodulator,Emergency,"National Essential Veterinary Medicine List 2023 (Nepal, vsdrl.gov.np)",Anthelmintics Nematodal infestation and immunomodulator
Levamisole,"Tablet, Injection,Powder","150mg, 75mg/ml, 30%w/w",Anthelmintics,"Fasciolosis, amphistomiasis, moneiziasis and nematodal infestation",Essential,"National Essential Veterinary Medicine List 2023 (Nepal, vsdrl.gov.np)","Anthelmintics Fasciolosis, amphistomiasis, moneiziasis and nematodal infestation"
Oxyclozanide,"Tablet, Bolus,Suspension","200mg, 1gm, 3.4%w/w",Anthelmintics,moneiziasis and nematodal infestation,Essential,"National Essential Veterinary Medicine List 2023 (Nepal, vsdrl.gov.np)",Anthelmintics moneiziasis and nematodal infestation
Oxyclozanide + Levamisole,"Tablet, Bolus,Suspension","300mg, 1.5gm, 3%w/v+1.5%w/v",Anthelmintics,"Fasciolosis, amphistomiasis, moneiziasis and nematodal infestation",Emergency,"National Essential Veterinary Medicine List 2023 (Nepal, vsdrl.gov.np)","Anthelmintics Fasciolosis, amphistomiasis, moneiziasis and nematodal infestation"
Oxyclozanide + Tetramisole,"Bolus, Suspension","1.5gm+1.5gm,3%w/v+3%w/v",Anthelmintics,Intestinal nematodiasis,Essential,"National Essential Veterinary Medicine List 2023 (Nepal, vsdrl.gov.np)",Anthelmintics Intestinal nematodiasis
Piperazine,Liquid,45% w/v,Anthelmintics,Nematodal infestation,Essential,"National Essential Veterinary Medicine List 2023 (Nepal, vsdrl.gov.np)",Anthelmintics Nematodal infestation
Pyrantel pamoate,"Tablet, suspension","250mg, 50mg/ml",Anthelmintics,Cestode infestation,Emergency,"National Essential Veterinary Medicine List 2023 (Nepal, vsdrl.gov.np)",Anthelmintics Cestode infestation
Praziquantel,Tablet,50mg,Anthelmintics,"Cestode infestation, nematodiasis and mixed infestation",Essential,"National Essential Veterinary Medicine List 2023 (Nepal, vsdrl.gov.np)","Anthelmintics Cestode infestation, nematodiasis and mixed infestation"
Praziquantel combination with Fenbendazole and Pyrantel pamoate,Tablet,50mg+500mg+144mg,Anthelmintics,"Cestode infestation, nematodiasis and mixed infestation",Essential,"National Essential Veterinary Medicine List 2023 (Nepal, vsdrl.gov.np)","Anthelmintics Cestode infestation, nematodiasis and mixed infestation"
Praziquantel and Albendazole,Tablet,25mg+300mg,Anthelmintics,Sctariasis,Essential,"National Essential Veterinary Medicine List 2023 (Nepal, vsdrl.gov.np)",Anthelmintics Sctariasis
Diethylcarbamazine,Tablet,100 mg,Anthelmintics,Endectocide,Essential,"National Essential Veterinary Medicine List 2023 (Nepal, vsdrl.gov.np)",Anthelmintics Endectocide
Ivermectin,Injection (1%),"1ml, 10ml, 50ml,100ml",Anthelmintics,Endectocide and flukicidal action,Essential,"National Essential Veterinary Medicine List 2023 (Nepal, vsdrl.gov.np)",Anthelmintics Endectocide and flukicidal action
Ivermectin + Clorsulon,Injection (1%Ivermectin+10% Clorsulon),"10ml, 50ml,100ml",Anthelmintics,Cestode infestation,Emergency,"National Essential Veterinary Medicine List 2023 (Nepal, vsdrl.gov.np)",Anthelmintics Cestode infestation
Niclosamide,Tablet,500 mg,Anthelmintics,"Fascioliasis, haemonchosis, bunostomiasis",Essential,"National Essential Veterinary Medicine List 2023 (Nepal, vsdrl.gov.np)","Anthelmintics Fascioliasis, haemonchosis, bunostomiasis"
Rafoxanide,"Tablet,bolus, powder","200mg, 2gm,3gm, 3%w/v, 200mg/gm",Anthelmintics,"Fascioliasis, haemonchosis, bunostomiasis",Emergency,"National Essential Veterinary Medicine List 2023 (Nepal, vsdrl.gov.np)","Anthelmintics Fascioliasis, haemonchosis, bunostomiasis"
Triclabendazole,Tablet/inj,1800 mg/10%,Anthelmintics,"Fascioliasis (as printed in source: 'Herpes virus infection' - likely a document typo, transcribed as-is; verify before clinical use)",Essential,"National Essential Veterinary Medicine List 2023 (Nepal, vsdrl.gov.np)","Anthelmintics Fascioliasis (as printed in source: 'Herpes virus infection' - likely a document typo, transcribed as-is; verify before clinical use)"
Aciclovir,Tablet,"400mg, 800mg",Antiviral Drugs,As printed in source: 'Babesiosis in canine' - likely a document typo since Aciclovir is antiviral not antiprotozoal; verify before clinical use,Essential,"National Essential Veterinary Medicine List 2023 (Nepal, vsdrl.gov.np)",Antiviral Drugs As printed in source: 'Babesiosis in canine' - likely a document typo since Aciclovir is antiviral not antiprotozoal; verify before clinical use
Imidocarb diproprionate,Injection,120mg/ml in vial,Antiprotozoal drugs/Ionophores,"Babesiosis, Trypanosomiasis",Essential,"National Essential Veterinary Medicine List 2023 (Nepal, vsdrl.gov.np)","Antiprotozoal drugs/Ionophores Babesiosis, Trypanosomiasis"
Diminazene aceturate,Injection,"70mg per ml: 10ml,20 ml, 30 ml, 100 ml",Antiprotozoal drugs/Ionophores,Trypanosomiasis,Essential,"National Essential Veterinary Medicine List 2023 (Nepal, vsdrl.gov.np)",Antiprotozoal drugs/Ionophores Trypanosomiasis
Isometamidium chloride hydrochloride,Injection,250mg,Antiprotozoal drugs/Ionophores,Trypanosomiasis and Surra,Emergency,"National Essential Veterinary Medicine List 2023 (Nepal, vsdrl.gov.np)",Antiprotozoal drugs/Ionophores Trypanosomiasis and Surra
Quinapyramine sulphate and quinapyramine chloride,Injection,1.5gm+1gm in vial,Antiprotozoal drugs/Ionophores,Theileriosis,Essential,"National Essential Veterinary Medicine List 2023 (Nepal, vsdrl.gov.np)",Antiprotozoal drugs/Ionophores Theileriosis
Buparvaquone,Injection,"50mg/ml in 2ml,20 ml vial",Antiprotozoal drugs/Ionophores,"Intestinal amoebiasis, trichomoniasis, giardiasis",Essential,"National Essential Veterinary Medicine List 2023 (Nepal, vsdrl.gov.np)","Antiprotozoal drugs/Ionophores Intestinal amoebiasis, trichomoniasis, giardiasis"
Metronidazole,"Tablet,suspension,injection","200mg, 400mg, 200mg/5ml, 5mg/ml",Antiprotozoal drugs/Ionophores,"Intestinal amoebiasis, trichomoniasis, giardiasis",Emergency,"National Essential Veterinary Medicine List 2023 (Nepal, vsdrl.gov.np)","Antiprotozoal drugs/Ionophores Intestinal amoebiasis, trichomoniasis, giardiasis"
Tinidazole,Tablet,"300mg, 500mg, 1gm",Antiprotozoal drugs/Ionophores,Coccidiosis,Emergency,"National Essential Veterinary Medicine List 2023 (Nepal, vsdrl.gov.np)",Antiprotozoal drugs/Ionophores Coccidiosis
Sulphaquinoxyline and Diaveridine,Powder,"18.7%, 3.3 %",Antiprotozoal drugs/Ionophores,Caecal and intestinal coccidiosis,Essential,"National Essential Veterinary Medicine List 2023 (Nepal, vsdrl.gov.np)",Antiprotozoal drugs/Ionophores Caecal and intestinal coccidiosis
Amprolium,Powder,20%,Antiprotozoal drugs/Ionophores,Coccidiosis,Essential,"National Essential Veterinary Medicine List 2023 (Nepal, vsdrl.gov.np)",Antiprotozoal drugs/Ionophores Coccidiosis
Diclazuril,Powder,0.50%,Antiprotozoal drugs/Ionophores,Coccidiosis,Emergency,"National Essential Veterinary Medicine List 2023 (Nepal, vsdrl.gov.np)",Antiprotozoal drugs/Ionophores Coccidiosis
Sodium sulpha dimethyl pyrimidine,Liquid,12.50%,Antiprotozoal drugs/Ionophores,Coccidiosis,Emergency,"National Essential Veterinary Medicine List 2023 (Nepal, vsdrl.gov.np)",Antiprotozoal drugs/Ionophores Coccidiosis
Toltrazuril,Powder,2.50%,Antiprotozoal drugs/Ionophores,Coccidiosis,Emergency,"National Essential Veterinary Medicine List 2023 (Nepal, vsdrl.gov.np)",Antiprotozoal drugs/Ionophores Coccidiosis
Maduramycin,Powder,1%,Antiprotozoal drugs/Ionophores,Coccidiosis,Emergency,"National Essential Veterinary Medicine List 2023 (Nepal, vsdrl.gov.np)",Antiprotozoal drugs/Ionophores Coccidiosis
Salinomycin,Powder,12%,Antiprotozoal drugs/Ionophores,Coccidiosis,Emergency,"National Essential Veterinary Medicine List 2023 (Nepal, vsdrl.gov.np)",Antiprotozoal drugs/Ionophores Coccidiosis
Monensin,Powder,20%,Antiprotozoal drugs/Ionophores,Coccidiosis,Emergency,"National Essential Veterinary Medicine List 2023 (Nepal, vsdrl.gov.np)",Antiprotozoal drugs/Ionophores Coccidiosis
Narasin,Powder,20%,Antiprotozoal drugs/Ionophores,Coccidiosis,Emergency,"National Essential Veterinary Medicine List 2023 (Nepal, vsdrl.gov.np)",Antiprotozoal drugs/Ionophores Coccidiosis
Sulphadimidine sodium,"Bolus, injection","5gm, 333mg/ml, 100 ml",Antibacterial - Sulphonamide group,Mixed bacterial infections,Emergency,"National Essential Veterinary Medicine List 2023 (Nepal, vsdrl.gov.np)",Antibacterial - Sulphonamide group Mixed bacterial infections
Sulphadiazine sodium and Trimethoprim,"Powder, injection,liquid","100gm,500gm,1kg;100ml;100ml,500ml,1liter",Antibacterial - Sulphonamide group,Mixed bacterial infections,Essential,"National Essential Veterinary Medicine List 2023 (Nepal, vsdrl.gov.np)",Antibacterial - Sulphonamide group Mixed bacterial infections
Ciprofloxacin,"Tablet,bolus, injection, powder","250mg, 2gm,40mg/ml,100mg/ml,10%w/w",Antibacterial - Fluoroquinolone,Gram +ve and Gram negative bacterial infection,Essential,"National Essential Veterinary Medicine List 2023 (Nepal, vsdrl.gov.np)",Antibacterial - Fluoroquinolone Gram +ve and Gram negative bacterial infection
Enrofloxacin,"Tablet, injection, liquid","50mg,100mg,100mg/ml",Antibacterial - Fluoroquinolone,Gram +ve and Gram negative bacterial infection,Essential,"National Essential Veterinary Medicine List 2023 (Nepal, vsdrl.gov.np)",Antibacterial - Fluoroquinolone Gram +ve and Gram negative bacterial infection
Oxytetracycline hydrochloride,"Tablet, injection, powder","500 mg, 50mg/ml, 50mg/gm",Antibacterial - Tetracyclines,Mixed bacterial infections,Essential,"National Essential Veterinary Medicine List 2023 (Nepal, vsdrl.gov.np)",Antibacterial - Tetracyclines Mixed bacterial infections
Doxycycline hydrochloride,"Powder, Tablet, Injection","Powder:10%,20% Tablet: 100 mg, Injection: 100 mg",Antibacterial - Tetracyclines,Mixed bacterial infections,Emergency,"National Essential Veterinary Medicine List 2023 (Nepal, vsdrl.gov.np)",Antibacterial - Tetracyclines Mixed bacterial infections
Chlortetracycline hydrochloride,Powder,15%,Antibacterial - Tetracyclines,Gram +ve bacterial infection,Essential,"National Essential Veterinary Medicine List 2023 (Nepal, vsdrl.gov.np)",Antibacterial - Tetracyclines Gram +ve bacterial infection
Fortified Procaine penicillin,Injection,"20lac,40lac",Antibacterial - Penicillin,Gram +ve and Gram negative bacterial infection,Essential,"National Essential Veterinary Medicine List 2023 (Nepal, vsdrl.gov.np)",Antibacterial - Penicillin Gram +ve and Gram negative bacterial infection
Benzathine Penicillin,Injection,"6lac ,12lac,24lac,48 lac IU",Antibacterial - Penicillin,Gram +ve and Gram negative bacterial infection,Essential,"National Essential Veterinary Medicine List 2023 (Nepal, vsdrl.gov.np)",Antibacterial - Penicillin Gram +ve and Gram negative bacterial infection
Ampicillin,Injection,"250mg,500mg, 2gm, 2.5gm",Antibacterial - Penicillin,Gram +ve and Gram negative bacterial infection,Essential,"National Essential Veterinary Medicine List 2023 (Nepal, vsdrl.gov.np)",Antibacterial - Penicillin Gram +ve and Gram negative bacterial infection
Amoxicillin,"Bolus, Injection,Powder","1.5gm, 5%w/w",Antibacterial - Penicillin,Gram +ve and Gram negative bacterial infection,Essential,"National Essential Veterinary Medicine List 2023 (Nepal, vsdrl.gov.np)",Antibacterial - Penicillin Gram +ve and Gram negative bacterial infection
Amoxicillin and Clavulanic acid,"Tablet,Syrup,Injection","250mg, 500mg, 228.75mg/5ml, 2gm, 3gm,4gm",Antibacterial - Penicillin,Mixed bacterial infections,Emergency,"National Essential Veterinary Medicine List 2023 (Nepal, vsdrl.gov.np)",Antibacterial - Penicillin Mixed bacterial infections
Cephalexin,Powder,7.5%w/w,Antibacterial - Cephalosporin,"RTI,UTI and Mastitis",Emergency,"National Essential Veterinary Medicine List 2023 (Nepal, vsdrl.gov.np)","Antibacterial - Cephalosporin RTI,UTI and Mastitis"
Cefixime,"Tablet,Suspension,injection","100mg,200mg, 100mg/5ml, 3gm, 4gm",Antibacterial - Cephalosporin,Gram +ve and Gram negative bacterial infection,Emergency,"National Essential Veterinary Medicine List 2023 (Nepal, vsdrl.gov.np)",Antibacterial - Cephalosporin Gram +ve and Gram negative bacterial infection
Ceftiofur,Injection,"500mg,1gm,4gm",Antibacterial - Cephalosporin,Gram +ve and Gram negative bacterial infection,Essential,"National Essential Veterinary Medicine List 2023 (Nepal, vsdrl.gov.np)",Antibacterial - Cephalosporin Gram +ve and Gram negative bacterial infection
Ceftriaxone,Injection,"500mg,1gm,2gm,3gm,4gm",Antibacterial - Cephalosporin,Wide spectrum of bacterial infection,Emergency,"National Essential Veterinary Medicine List 2023 (Nepal, vsdrl.gov.np)",Antibacterial - Cephalosporin Wide spectrum of bacterial infection
Chloramphenicol,Powder,20%w/w,Antibacterial - Amphenicols,Gram +ve and Gram negative bacterial infection,Emergency,"National Essential Veterinary Medicine List 2023 (Nepal, vsdrl.gov.np)",Antibacterial - Amphenicols Gram +ve and Gram negative bacterial infection
Florfenicol,Liquid,"100ml,500ml,1ltr",Antibacterial - Amphenicols,Antiinfective,Emergency,"National Essential Veterinary Medicine List 2023 (Nepal, vsdrl.gov.np)",Antibacterial - Amphenicols Antiinfective
Furaltadone,Powder,"100gm,500g,1kg",Antibacterial - Nitrofuran,Antiinfective,Emergency,"National Essential Veterinary Medicine List 2023 (Nepal, vsdrl.gov.np)",Antibacterial - Nitrofuran Antiinfective
Furazolidone,Powder/tablet,20%/200 mg,Antibacterial - Nitrofuran,"Gram +ve and Gram negative bacterial infection, CRD",Emergency,"National Essential Veterinary Medicine List 2023 (Nepal, vsdrl.gov.np)","Antibacterial - Nitrofuran Gram +ve and Gram negative bacterial infection, CRD"
Erythromycin,"Tablet, liquid,powder","250mg, 500mg, 125mg/5ml, 50gm/gm",Antibacterial - Macrolide,CRD,Emergency,"National Essential Veterinary Medicine List 2023 (Nepal, vsdrl.gov.np)",Antibacterial - Macrolide CRD
Tylosin,"Powder, Injection","100 %, 20 %",Antibacterial - Macrolide,CRD,Essential,"National Essential Veterinary Medicine List 2023 (Nepal, vsdrl.gov.np)",Antibacterial - Macrolide CRD
Tilmicosin,Liquid,10% and 25%,Antibacterial - Macrolide,"GI tract infection, bacterial enteritis",Emergency,"National Essential Veterinary Medicine List 2023 (Nepal, vsdrl.gov.np)","Antibacterial - Macrolide GI tract infection, bacterial enteritis"
Neomycin,"Injection, Powder","140mg/ml, 50 %",Antibacterial - Aminoglycoside,Gram negative bacterial infections,Essential,"National Essential Veterinary Medicine List 2023 (Nepal, vsdrl.gov.np)",Antibacterial - Aminoglycoside Gram negative bacterial infections
Gentamicin,Injection,40mg/ml,Antibacterial - Aminoglycoside,"Mastitis, endometritis,enteritis",Essential,"National Essential Veterinary Medicine List 2023 (Nepal, vsdrl.gov.np)","Antibacterial - Aminoglycoside Mastitis, endometritis,enteritis"
Kanamycin,Injection,"500mg,1gm,2gm",Antibacterial - Aminoglycoside,Gram +ve bacterial infections,Emergency,"National Essential Veterinary Medicine List 2023 (Nepal, vsdrl.gov.np)",Antibacterial - Aminoglycoside Gram +ve bacterial infections
Lincomycin,"Capsule, syrup,Injection, Powder","250mg,500mg,125mg/ml,300mg/ml,110gm/kg",Antibacterial - Lincosamide,CRD,Essential,"National Essential Veterinary Medicine List 2023 (Nepal, vsdrl.gov.np)",Antibacterial - Lincosamide CRD
Tiamulin,Powder,45% and 80%,Antibacterial - Pleuromutilins,"Gram +ve bacteria, Mycoplasma",Emergency,"National Essential Veterinary Medicine List 2023 (Nepal, vsdrl.gov.np)","Antibacterial - Pleuromutilins Gram +ve bacteria, Mycoplasma"
Furosemide,"Injection, Tablet,Bolus","Injection: 10 mg/ml in 2ml ampoules, 50 mg/ml in 10 ml, Tablet: 40 mg, Bolus: 500 mg",Diuretics,"edema, pulmonary congestion, ascites",Essential,"National Essential Veterinary Medicine List 2023 (Nepal, vsdrl.gov.np)","Diuretics edema, pulmonary congestion, ascites"
Spironolactone,Tablet,"25mg, 100 mg",Diuretics,edema,Essential,"National Essential Veterinary Medicine List 2023 (Nepal, vsdrl.gov.np)",Diuretics edema
Hydrochlorthiazide,Tablet,"25mg, 50 mg",Diuretics,edema,Essential,"National Essential Veterinary Medicine List 2023 (Nepal, vsdrl.gov.np)",Diuretics edema
Calamine,Lotion,15%,Dermatological: Anti-inflammatory/Antipruritic,,,"National Essential Veterinary Medicine List 2023 (Nepal, vsdrl.gov.np)",Dermatological: Anti-inflammatory/Antipruritic 
Hydrocortisone,Cream/Ointment,1% (wt/wt),Dermatological: Anti-inflammatory/Antipruritic,,,"National Essential Veterinary Medicine List 2023 (Nepal, vsdrl.gov.np)",Dermatological: Anti-inflammatory/Antipruritic 
Betamethasone,Ointment,0.10%,Dermatological: Anti-inflammatory/Antipruritic,,,"National Essential Veterinary Medicine List 2023 (Nepal, vsdrl.gov.np)",Dermatological: Anti-inflammatory/Antipruritic 
Ciprofloxacin,Ointment/Solution (Eye drop),"Ointment: 0.3%, Solution: 0.3% (as hydrochloride)",Ophthalmological,,,"National Essential Veterinary Medicine List 2023 (Nepal, vsdrl.gov.np)",Ophthalmological 
Chloramphenicol,Ointment/Solution (Eye drop),"Ointment: 1% w/w, Solution: 0.5%",Ophthalmological,,,"National Essential Veterinary Medicine List 2023 (Nepal, vsdrl.gov.np)",Ophthalmological 
Prednisolone,Solution (Eye drop),0.5% (Sodium phosphate),Ophthalmological,,,"National Essential Veterinary Medicine List 2023 (Nepal, vsdrl.gov.np)",Ophthalmological 
Atropine,Solution (eye drop),1% (sulfate),Ophthalmological,,,"National Essential Veterinary Medicine List 2023 (Nepal, vsdrl.gov.np)",Ophthalmological 
Betamethasone,Eardrop/cream,0.05%,"Ear, Nose and Throat Preparations",,,"National Essential Veterinary Medicine List 2023 (Nepal, vsdrl.gov.np)","Ear, Nose and Throat Preparations "
Chloramphenicol,Ear drop,5%,"Ear, Nose and Throat Preparations",,,"National Essential Veterinary Medicine List 2023 (Nepal, vsdrl.gov.np)","Ear, Nose and Throat Preparations "
Ciprofloxacin,Ear drop,0.3% (as hydrochloride),"Ear, Nose and Throat Preparations",,,"National Essential Veterinary Medicine List 2023 (Nepal, vsdrl.gov.np)","Ear, Nose and Throat Preparations "
Clotrimazole,Ear drop,1%,"Ear, Nose and Throat Preparations",,,"National Essential Veterinary Medicine List 2023 (Nepal, vsdrl.gov.np)","Ear, Nose and Throat Preparations "
Lidocaine,Topical (viscous),"2%, 4%","Ear, Nose and Throat Preparations",,,"National Essential Veterinary Medicine List 2023 (Nepal, vsdrl.gov.np)","Ear, Nose and Throat Preparations "
Permethrin,Solution/Pour on,"1%, 10% and 44% in pour on for dogs",Insecticidal,Ectoparasite infestation,Essential,"National Essential Veterinary Medicine List 2023 (Nepal, vsdrl.gov.np)",Insecticidal Ectoparasite infestation
Cypermethrin,Pour on/Solution,6.50%,Insecticidal,Ectoparasite infestation,Essential,"National Essential Veterinary Medicine List 2023 (Nepal, vsdrl.gov.np)",Insecticidal Ectoparasite infestation
Fipronil,Pour on/Spray,"Solution: 1%, Spray: 0.25%",Insecticidal,Ectoparasite infestation,Essential,"National Essential Veterinary Medicine List 2023 (Nepal, vsdrl.gov.np)",Insecticidal Ectoparasite infestation
Flumethrin,Pour on/Solution,1%,Insecticidal,Ectoparasite infestation,Essential,"National Essential Veterinary Medicine List 2023 (Nepal, vsdrl.gov.np)",Insecticidal Ectoparasite infestation
Chlorhexidine,Solution,"5% for dilution and solution or ointment, 4%",Antiseptics,,Emergency,"National Essential Veterinary Medicine List 2023 (Nepal, vsdrl.gov.np)",Antiseptics 
Gentian violet,Aqueous,1%,Antiseptics,,Emergency,"National Essential Veterinary Medicine List 2023 (Nepal, vsdrl.gov.np)",Antiseptics 
Povidone iodine,Solution,"5%,10% for dilution",Antiseptics,,Essential,"National Essential Veterinary Medicine List 2023 (Nepal, vsdrl.gov.np)",Antiseptics 
Rectified spirit,Liquid,90% v/v,Antiseptics,,Essential,"National Essential Veterinary Medicine List 2023 (Nepal, vsdrl.gov.np)",Antiseptics 
Acryflavin,Liquid,0.1%,Antiseptics,,Essential,"National Essential Veterinary Medicine List 2023 (Nepal, vsdrl.gov.np)",Antiseptics 
Boric acid,Powder,,Antiseptics,,Essential,"National Essential Veterinary Medicine List 2023 (Nepal, vsdrl.gov.np)",Antiseptics 
Potassium permanganate,"Powder/Crystals, Liquid",,Antiseptics,,Essential,"National Essential Veterinary Medicine List 2023 (Nepal, vsdrl.gov.np)",Antiseptics 
